{
  "count": 2,
  "totalState": 4,
  "outages": [
    {
      "icon": "planned",
      "longitude": -111.408,
      "latitude": 44.066,
      "etr": "Before 01:00 PM on 12/23",
      "outCount": 2,
      "custOut": 4,
      "cause": "Planned Maintenance",
      "crewStatus": "Crews Arrived",
      "reported": "08:48 AM on 12/23",
      "zip": "83420"
    }
  ],
  "zips": [
    {
      "zipCode": "83420",
      "outCountPlan": 2,
      "outCountUnplan": 0,
      "custOutPlan": 4,
      "custOutUnplan": 0
    }
  ],
  "counties": [
    {
      "countyName": "Fremont",
      "outCountPlan": 2,
      "outCountUnplan": 0,
      "custOutPlan": 4,
      "custOutUnplan": 0
    }
  ]
}
